algo,function,avg_cost,avg_time
Swarm,ackley,10.581763931620292,1.7933997123385779
