algo,function,avg_cost,avg_time
global_best,sphere,0.1165411415430763,1.0743521522555965
global_best,ackley,7.732982735910265,1.8017771479528164
global_best,griewank,1.370120896986979,2.4033896216977153
global_best,rastrigin,2.6812349726626183,1.4999838616029593
global_best,weierstrass,0.6618811747258171,9.256953999647521
