algo,function,avg_cost,avg_time
Swarm,sphere,0.10612919102324854,1.2439412481471663
Swarm,ackley,9.078588214122588,2.017482056148583
Swarm,griewank,1.2350584051886817,2.257634490702185
Swarm,rastrigin,2.6672937874814915,1.4583566227927804
Swarm,weierstrass,0.5763878704515877,9.1187838744052
