algo,function,avg_cost,avg_time
Swarm,ackley,10.877095355048978,2.25885359745007
